Date,Open,High,Low,Close,Volume,Dividends,Stock Splits,Return,Return.1,Return.2,Return.3,Return.4,Return
2021-10-19,1624.50939249488,1636.3044274008096,1561.3863229805204,1568.7830810546875,1822638,0.0,0,0.0,0.0,0.0,0.0,0.0,0.0
2021-10-20,1573.3311345267564,1606.666938164026,1538.445940748873,1589.0244140625,2768997,0.0,0,1.2902569674708833,1.2902569674708833,1.2902569674708833,1.2902569674708833,1.2902569674708833,1.2902569674708833
2021-10-21,1601.2692850387111,1626.1587294697215,1581.0278892333592,1594.372314453125,3129269,0.0,0,0.3365524370360401,0.3365524370360401,0.3365524370360401,0.3365524370360401,0.3365524370360401,0.3365524370360401
2021-10-22,1594.3722924747524,1608.1164499308989,1536.346909825244,1542.3443603515625,2580699,0.0,0,-3.2632248835434816,-3.2632248835434816,-3.2632248835434816,-3.2632248835434816,-3.2632248835434816,-3.2632248835434816
2021-10-25,1544.343437449758,1550.7407421121372,1493.4151379477055,1531.548828125,2276050,0.0,0,-0.6999430544876348,-0.6999430544876348,-0.6999430544876348,-0.6999430544876348,-0.6999430544876348,-0.6999430544876348
2021-10-26,1531.3490293795023,1556.5883002618996,1520.2537703457808,1543.1939697265625,1661783,0.0,0,0.7603506586087154,0.7603506586087154,0.7603506586087154,0.7603506586087154,0.7603506586087154,0.7603506586087154
2021-10-27,1547.3422327657263,1580.4781712625572,1539.3456320795988,1565.8843994140625,2121282,0.0,0,1.4703549996064658,1.4703549996064658,1.4703549996064658,1.4703549996064658,1.4703549996064658,1.4703549996064658
2021-10-28,1549.3414112446608,1566.2342549064367,1367.11882097283,1397.955810546875,7093354,0.0,0,-10.724200900783265,-10.724200900783265,-10.724200900783265,-10.724200900783265,-10.724200900783265,-10.724200900783265
2021-10-29,1399.405168746604,1454.181934159207,1377.1646223147384,1422.9951171875,3165141,0.0,0,1.7911372056052128,1.7911372056052128,1.7911372056052128,1.7911372056052128,1.7911372056052128,1.7911372056052128
2021-11-01,1435.3898160271312,1456.3808927239068,1410.600305215943,1444.6859130859375,1543436,0.0,0,1.524305715209241,1.524305715209241,1.524305715209241,1.524305715209241,1.524305715209241,1.524305715209241
2021-11-02,1454.3817094948786,1488.3672614693294,1452.182693174496,1472.1741943359375,1667692,0.0,0,1.902716777467799,1.902716777467799,1.902716777467799,1.902716777467799,1.902716777467799,1.902716777467799
2021-11-03,1473.3737085739133,1500.3622364785915,1463.8277174891396,1485.2686767578125,1710819,0.0,0,0.8894655586448184,0.8894655586448184,0.8894655586448184,0.8894655586448184,0.8894655586448184,0.8894655586448184
2021-11-04,1494.3647069632163,1510.857695367827,1482.3698063053175,1488.8170166015625,272261,0.0,0,0.2389022201353938,0.2389022201353938,0.2389022201353938,0.2389022201353938,0.2389022201353938,0.2389022201353938
2021-11-08,1494.3647436029162,1574.4807106151488,1485.0187410148403,1567.5836181640625,2565017,0.0,0,5.290549522485713,5.290549522485713,5.290549522485713,5.290549522485713,5.290549522485713,5.290549522485713
2021-11-09,1554.3392390401689,1658.2950466672926,1554.2892114791252,1634.7550048828125,4713708,0.0,0,4.285027346574368,4.285027346574368,4.285027346574368,4.285027346574368,4.285027346574368,4.285027346574368
2021-11-10,1624.8593107657668,1685.283575197223,1619.711474729655,1655.1463623046875,3728328,0.0,0,1.247364734224304,1.247364734224304,1.247364734224304,1.247364734224304,1.247364734224304,1.247364734224304
2021-11-11,1649.2989333933383,1703.2759893953023,1640.1527967226498,1664.192626953125,4470709,0.0,0,0.5465537582936861,0.5465537582936861,0.5465537582936861,0.5465537582936861,0.5465537582936861,0.5465537582936861
2021-11-12,1677.5868703245671,1718.7693139479295,1669.3902816297154,1704.475341796875,5349189,0.0,0,2.420556021660865,2.420556021660865,2.420556021660865,2.420556021660865,2.420556021660865,2.420556021660865
2021-11-15,1713.0218037366471,1763.250451811201,1691.0811794049905,1748.806640625,3997553,0.0,0,2.600876512615929,2.600876512615929,2.600876512615929,2.600876512615929,2.600876512615929,2.6008765126159292
2021-11-16,1758.7023237863684,1765.7994044614056,1706.1747266005475,1710.8726806640625,2172117,0.0,0,-2.1691340300137707,-2.1691340300137707,-2.1691340300137707,-2.1691340300137707,-2.1691340300137707,-2.1691340300137707
2021-11-17,1713.271694208225,1728.964974221775,1681.785079057957,1705.724853515625,1476385,0.0,0,-0.3008889677541294,-0.3008889677541294,-0.3008889677541294,-0.3008889677541294,-0.3008889677541294,-0.3008889677541294
2021-11-18,1707.2742916126945,1713.271742285807,1639.303183984086,1688.032470703125,2255988,0.0,0,-1.0372354472079532,-1.0372354472079532,-1.0372354472079532,-1.0372354472079532,-1.0372354472079532,-1.0372354472079532
2021-11-22,1690.6813384928791,1700.677089433456,1609.3659289949742,1675.0379638671875,2552170,0.0,0,-0.7698019476204051,-0.7698019476204051,-0.7698019476204051,-0.7698019476204051,-0.7698019476204051,-0.7698019476204051
2021-11-23,1659.444626597188,1719.6189988072174,1649.2989149289365,1707.2242431640625,2472589,0.0,0,1.921525361882904,1.921525361882904,1.921525361882904,1.921525361882904,1.921525361882904,1.921525361882904
2021-11-24,1720.868383043175,1788.1398327689833,1711.7222469247226,1754.4041748046875,4562858,0.0,0,2.763546255246743,2.763546255246743,2.763546255246743,2.763546255246743,2.763546255246743,2.763546255246743
2021-11-25,1762.2008481970067,1772.9462803662668,1734.8125884687167,1762.3009033203125,2341862,0.0,0,0.4501088534233634,0.4501088534233634,0.4501088534233634,0.4501088534233634,0.4501088534233634,0.45010885342336343
2021-11-26,1739.260589748273,1767.7985062782425,1660.1442000120703,1668.840576171875,3510810,0.0,0,-5.303312673355098,-5.303312673355098,-5.303312673355098,-5.303312673355098,-5.303312673355098,-5.303312673355098
2021-11-29,1654.296750974517,1696.2789041714532,1609.165911884122,1664.342529296875,2119826,0.0,0,-0.2695312505714592,-0.2695312505714592,-0.2695312505714592,-0.2695312505714592,-0.2695312505714592,-0.2695312505714592
2021-11-30,1667.291268792027,1717.9197720712052,1647.44972743701,1662.1434326171875,2952368,0.0,0,-0.1321300538187015,-0.1321300538187015,-0.1321300538187015,-0.1321300538187015,-0.1321300538187015,-0.13213005381870158
2021-12-01,1693.28022016919,1704.2755462741848,1651.6478928315892,1692.58056640625,2476360,0.0,0,1.8311977890582287,1.8311977890582287,1.8311977890582287,1.8311977890582287,1.8311977890582292,1.8311977890582294
2021-12-02,1691.7808069599914,1734.2627474597252,1686.932892271357,1731.513916015625,2159661,0.0,0,2.300236123592021,2.300236123592021,2.300236123592021,2.300236123592021,2.300236123592021,2.300236123592021
2021-12-03,1733.2631641160012,1744.2584898399205,1700.3771200471365,1707.3741455078125,1544077,0.0,0,-1.394142448670604,-1.394142448670604,-1.394142448670604,-1.394142448670604,-1.394142448670604,-1.394142448670604
2021-12-06,1709.2734175496848,1727.215741751089,1639.3031606909258,1644.9007568359375,1574680,0.0,0,-3.659033307740172,-3.659033307740172,-3.659033307740172,-3.659033307740172,-3.659033307740172,-3.6590333077401715
2021-12-07,1658.1950753140168,1685.9831885007516,1653.2971331639546,1677.7366943359375,1476012,0.0,0,1.9962260557993687,1.9962260557993687,1.9962260557993687,1.9962260557993687,1.9962260557993687,1.9962260557993687
2021-12-08,1679.0862156615178,1725.6663885285784,1678.3365343749713,1714.77099609375,1406394,0.0,0,2.2073965409972147,2.2073965409972147,2.2073965409972147,2.2073965409972147,2.2073965409972147,2.2073965409972147
2021-12-09,1724.2670199576544,1738.5109649051303,1705.8748140077507,1721.5181884765625,1306393,0.0,0,0.3934748370588615,0.3934748370588615,0.3934748370588615,0.3934748370588615,0.3934748370588615,0.39347483705886155
2021-12-10,1709.8731357759996,1787.2402726536202,1709.8731357759996,1739.6605224609375,2708578,0.0,0,1.0538566543075474,1.0538566543075474,1.0538566543075474,1.0538566543075474,1.0538566543075474,1.0538566543075474
2021-12-13,1754.2542228567752,1761.451114450863,1710.372853505274,1718.8193359375,1104594,0.0,0,-1.1980030732637077,-1.1980030732637077,-1.1980030732637077,-1.1980030732637077,-1.1980030732637077,-1.1980030732637075
2021-12-14,1711.2724850559496,1727.1657527495845,1682.2848086151653,1719.3690185546875,1198653,0.0,0,0.031980243978794,0.031980243978794,0.031980243978794,0.031980243978794,0.031980243978794,0.03198024397879404
2021-12-15,1719.2691680195232,1726.2661937033236,1686.333217358155,1694.5797119140625,866378,0.0,0,-1.4417676701807185,-1.4417676701807185,-1.4417676701807185,-1.4417676701807185,-1.4417676701807185,-1.4417676701807183
2021-12-16,1706.5745512994165,1719.1191451101265,1686.2831287436725,1701.3267822265625,751885,0.0,0,0.3981559713634861,0.3981559713634861,0.3981559713634861,0.3981559713634861,0.3981559713634861,0.3981559713634861
2021-12-17,1698.2280583653528,1701.2768112116232,1639.3031553390497,1644.6009521484375,1215873,0.0,0,-3.3342113150000907,-3.3342113150000907,-3.3342113150000907,-3.3342113150000907,-3.3342113150000907,-3.3342113150000907
2021-12-20,1628.3077462577364,1628.3077462577364,1554.5390592221102,1589.2742919921875,1945211,0.0,0,-3.364138886334316,-3.364138886334316,-3.364138886334316,-3.364138886334316,-3.364138886334316,-3.364138886334316
2021-12-21,1620.4111220056593,1645.20063255565,1602.2189045341818,1619.8114013671875,1563851,0.0,0,1.9214499050834777,1.9214499050834777,1.9214499050834777,1.9214499050834777,1.9214499050834777,1.9214499050834777
2021-12-22,1630.556819733707,1662.7430879196952,1626.3086257206078,1657.3953857421875,993006,0.0,0,2.3202691586982023,2.3202691586982023,2.3202691586982023,2.3202691586982023,2.3202691586982023,2.3202691586982023
2021-12-23,1673.9883083047384,1683.484271398167,1657.4953197740465,1675.4876708984375,979023,0.0,0,1.0916094802658214,1.0916094802658214,1.0916094802658214,1.0916094802658214,1.0916094802658214,1.0916094802658214
2021-12-24,1679.2861754612356,1703.2259504052245,1657.495389377039,1697.4783935546875,1234386,0.0,0,1.312496835292022,1.312496835292022,1.312496835292022,1.312496835292022,1.312496835292022,1.3124968352920219
2021-12-27,1694.0298345757433,1737.2614559626152,1685.3335803526966,1729.4647216796875,1672655,0.0,0,1.8843437563889969,1.8843437563889969,1.8843437563889969,1.8843437563889969,1.8843437563889969,1.8843437563889969
2021-12-28,1739.260655462503,1759.2521572494288,1727.365687495594,1750.2559814453125,1552918,0.0,0,1.202178888357558,1.202178888357558,1.202178888357558,1.202178888357558,1.202178888357558,1.202178888357558
2021-12-29,1750.2560194613347,1754.254319905564,1708.6737192450405,1717.320068359375,1100579,0.0,0,-1.8817769192104088,-1.8817769192104088,-1.8817769192104088,-1.8817769192104088,-1.8817769192104088,-1.8817769192104086
2021-12-30,1713.2716963175046,1724.2670222565318,1684.2840188418877,1695.67919921875,1359574,0.0,0,-1.2601535112379718,-1.2601535112379718,-1.2601535112379718,-1.2601535112379718,-1.2601535112379718,-1.2601535112379718
2021-12-31,1694.2296725992358,1724.2669514890729,1690.3314275410544,1708.7235107421875,1310960,0.0,0,0.7692676497681521,0.7692676497681521,0.7692676497681521,0.7692676497681521,0.7692676497681521,0.7692676497681521
2022-01-03,1712.272149080824,1732.2636511132912,1710.4728650905238,1716.42041015625,1094708,0.0,0,0.4504473289958617,0.4504473289958617,0.4504473289958617,0.4504473289958617,0.4504473289958617,0.4504473289958617
2022-01-04,1725.0166629172118,1727.2657068062824,1699.2776050756252,1718.26953125,1191189,0.0,0,0.1077312459586559,0.1077312459586559,0.1077312459586559,0.1077312459586559,0.1077312459586559,0.1077312459586559
2022-01-05,1721.2683350973737,1743.908735685706,1701.826648064076,1714.7210693359375,1583598,0.0,0,-0.2065136958740739,-0.2065136958740739,-0.2065136958740739,-0.2065136958740739,-0.2065136958740739,-0.2065136958740739
2022-01-06,1709.273411922645,1723.1175025804348,1674.888004261565,1712.3720703125,1615375,0.0,0,-0.1369901534100354,-0.1369901534100354,-0.1369901534100354,-0.1369901534100354,-0.1369901534100354,-0.1369901534100354
2022-01-07,1719.1692629359516,1730.0646560820103,1688.7821550673043,1698.3780517578125,1295933,0.0,0,-0.817230016612783,-0.817230016612783,-0.817230016612783,-0.817230016612783,-0.817230016612783,-0.817230016612783
2022-01-10,1706.8244413968175,1765.2495548083243,1698.3779589342646,1751.855224609375,1670551,0.0,0,3.148720203738732,3.148720203738732,3.148720203738732,3.148720203738732,3.148720203738732,3.148720203738732
2022-01-11,1757.2529340667395,1849.2138384661368,1736.2618580625294,1843.116455078125,5126019,0.0,0,5.209404817632646,5.209404817632646,5.209404817632646,5.209404817632646,5.209404817632646,5.209404817632646
2022-01-12,1872.2041843950767,1872.2041843950767,1807.531723469214,1829.3223876953125,2518912,0.0,0,-0.748409974031066,-0.748409974031066,-0.748409974031066,-0.748409974031066,-0.748409974031066,-0.748409974031066
2022-01-13,1833.220746084855,1862.2084241854327,1807.231793305026,1852.5625,1881069,0.0,0,1.270421903815803,1.270421903815803,1.270421903815803,1.270421903815803,1.270421903815803,1.2704219038158033
2022-01-14,1849.21392658276,1889.64669038634,1830.321932875064,1869.455322265625,2357616,0.0,0,0.9118624751189232,0.9118624751189232,0.9118624751189232,0.9118624751189232,0.9118624751189232,0.9118624751189232
2022-01-17,1875.2027913003355,1900.5920219401792,1854.8614634636383,1877.0020751953125,1700525,0.0,0,0.4036872579838634,0.4036872579838634,0.4036872579838634,0.4036872579838634,0.4036872579838634,0.40368725798386346
2022-01-18,1884.1990564059747,1907.6890711675344,1829.272453675152,1840.167724609375,2294146,0.0,0,-1.962403295803745,-1.962403295803745,-1.962403295803745,-1.962403295803745,-1.962403295803745,-1.962403295803745
2022-01-19,1839.0183187714808,1856.2109616933035,1810.480400843832,1848.5142822265625,1544606,0.0,0,0.4535759162366181,0.4535759162366181,0.4535759162366181,0.4535759162366181,0.4535759162366181,0.4535759162366181
2022-01-20,1854.2117637483911,1879.5509674908064,1842.9165165958088,1865.05712890625,1252017,0.0,0,0.8949266358797834,0.8949266358797834,0.8949266358797834,0.8949266358797834,0.8949266358797834,0.8949266358797834
2022-01-21,1860.059311052692,1872.2041729907305,1809.9806226604192,1827.5731201171875,1929667,0.0,0,-2.009804858419792,-2.009804858419792,-2.009804858419792,-2.009804858419792,-2.009804858419792,-2.009804858419792
2022-01-24,1821.2257445556056,1826.6733797810664,1695.8291031025528,1715.0709228515625,2381112,0.0,0,-6.1558246850561655,-6.1558246850561655,-6.1558246850561655,-6.1558246850561655,-6.1558246850561655,-6.1558246850561655
2022-01-25,1667.291200359692,1749.80617038391,1667.291200359692,1740.6600341796875,1817963,0.0,0,1.4920147608577763,1.4920147608577763,1.4920147608577763,1.4920147608577763,1.4920147608577763,1.4920147608577765
2022-01-27,1717.269971600914,1724.8168121926833,1653.7969546063516,1685.2835693359375,3549583,0.0,0,-3.1813486698364395,-3.1813486698364395,-3.1813486698364395,-3.1813486698364395,-3.1813486698364395,-3.1813486698364395
2022-01-28,1701.7765339151078,1743.3588318672898,1683.234367807218,1692.980224609375,1624750,0.0,0,0.4566979357942865,0.4566979357942865,0.4566979357942865,0.4566979357942865,0.4566979357942865,0.4566979357942865
2022-01-31,1708.2237410775049,1733.263145007392,1704.2754684184565,1714.22119140625,1024738,0.0,0,1.25464943347321,1.25464943347321,1.25464943347321,1.25464943347321,1.25464943347321,1.25464943347321
2022-02-01,1727.2156940490574,1764.3499323172189,1698.4280052332897,1746.15771484375,1574361,0.0,0,1.8630339887060363,1.8630339887060363,1.8630339887060363,1.8630339887060363,1.8630339887060363,1.8630339887060365
2022-02-02,1754.2542435787627,1785.2410706733162,1746.2576430382328,1778.5938720703125,1405276,0.0,0,1.85757317055779,1.85757317055779,1.85757317055779,1.85757317055779,1.85757317055779,1.85757317055779
2022-02-03,1771.1970256545735,1786.2406795132515,1745.657955406455,1751.1055908203125,588866,0.0,0,-1.545506350924463,-1.545506350924463,-1.545506350924463,-1.545506350924463,-1.545506350924463,-1.545506350924463
2022-02-04,1757.2529984783064,1769.24789949181,1732.963275118584,1756.5533447265625,855996,0.0,0,0.3111036784308351,0.3111036784308351,0.3111036784308351,0.3111036784308351,0.3111036784308351,0.3111036784308351
2022-02-07,1764.2500535352813,1764.7498410858575,1721.3682572921227,1731.064208984375,854871,0.0,0,-1.4510880536995772,-1.4510880536995772,-1.4510880536995772,-1.4510880536995772,-1.4510880536995772,-1.4510880536995772
2022-02-08,1738.6609558001733,1746.2577021672175,1676.337472630808,1715.2708740234375,1480201,0.0,0,-0.9123483045267012,-0.9123483045267012,-0.9123483045267012,-0.9123483045267012,-0.9123483045267012,-0.9123483045267013
2022-02-09,1723.8671640565376,1791.1386159622407,1717.369926015837,1782.392333984375,1674022,0.0,0,3.91316969100592,3.91316969100592,3.91316969100592,3.91316969100592,3.91316969100592,3.9131696910059204
2022-02-10,1798.2356076666529,1808.231358682032,1765.249629315903,1785.341064453125,1747943,0.0,0,0.1654366669182414,0.1654366669182414,0.1654366669182414,0.1654366669182414,0.1654366669182414,0.16543666691824144
2022-02-11,1763.2504936987425,1774.1458867993226,1742.609243277548,1763.5504150390625,1196002,0.0,0,-1.2205314630309745,-1.2205314630309745,-1.2205314630309745,-1.2205314630309745,-1.2205314630309745,-1.2205314630309745
2022-02-14,1735.5622751991564,1737.1615709372788,1652.2976215087317,1663.242919921875,1919476,0.0,0,-5.687815571462735,-5.687815571462735,-5.687815571462735,-5.687815571462735,-5.687815571462735,-5.687815571462735
2022-02-15,1635.3047893973053,1750.6557751068913,1627.1582282982704,1743.5087890625,2261554,0.0,0,4.825865673571916,4.825865673571916,4.825865673571916,4.825865673571916,4.825865673571916,4.825865673571916
2022-02-16,1743.5088614402555,1775.245370742665,1729.2649163202764,1737.3614501953125,1663614,0.0,0,-0.3525843348626294,-0.3525843348626294,-0.3525843348626294,-0.3525843348626294,-0.3525843348626294,-0.3525843348626294
2022-02-17,1749.2564320784952,1761.2513333270335,1723.267479373329,1730.2144775390625,1075487,0.0,0,-0.4113693587161465,-0.4113693587161465,-0.4113693587161465,-0.4113693587161465,-0.4113693587161465,-0.4113693587161465
2022-02-18,1738.2610597612306,1753.854406566441,1724.2670086763212,1735.562255859375,945100,0.0,0,0.3090818155630515,0.3090818155630515,0.3090818155630515,0.3090818155630515,0.3090818155630515,0.3090818155630515
2022-02-21,1738.0612089621543,1738.0612089621543,1670.5898906331645,1684.48388671875,1449291,0.0,0,-2.943044478420811,-2.943044478420811,-2.943044478420811,-2.943044478420811,-2.943044478420811,-2.943044478420811
2022-02-22,1635.404784487498,1678.1866472552344,1629.307400826743,1666.9913330078125,1717579,0.0,0,-1.0384518278184127,-1.0384518278184127,-1.0384518278184127,-1.0384518278184127,-1.0384518278184127,-1.0384518278184127
2022-02-23,1681.285317515106,1716.7702335506508,1669.2904163199923,1687.982421875,1285012,0.0,0,1.2592200362141368,1.2592200362141368,1.2592200362141368,1.2592200362141368,1.2592200362141368,1.2592200362141368
2022-02-24,1625.3091320566873,1647.8995051834293,1528.1504799809722,1543.2939453125,2798065,0.0,0,-8.571681475318977,-8.571681475318977,-8.571681475318977,-8.571681475318977,-8.571681475318977,-8.571681475318977
2022-02-25,1593.3226300282267,1637.40386533862,1578.1291380724724,1618.0120849609375,1741584,0.0,0,4.841471702482957,4.841471702482957,4.841471702482957,4.841471702482957,4.841471702482957,4.841471702482957
2022-02-28,1603.068563031694,1650.3984195069145,1591.5734494074604,1643.751220703125,1869037,0.0,0,1.5907876079188186,1.5907876079188186,1.5907876079188186,1.5907876079188186,1.5907876079188186,1.5907876079188186
2022-03-02,1637.3039828765498,1663.5428287559816,1614.8135435513225,1641.1024169921875,1249817,0.0,0,-0.1611438323254572,-0.1611438323254572,-0.1611438323254572,-0.1611438323254572,-0.1611438323254572,-0.16114383232545723
2022-03-03,1669.290380743813,1677.4868475784122,1634.2552254423822,1643.1015625,1333325,0.0,0,0.1218172301200149,0.1218172301200149,0.1218172301200149,0.1218172301200149,0.1218172301200149,0.12181723012001493
2022-03-04,1621.1108799134615,1654.7965106031106,1600.5195360779762,1614.313720703125,1433490,0.0,0,-1.7520427497539428,-1.7520427497539428,-1.7520427497539428,-1.7520427497539428,-1.7520427497539428,-1.7520427497539428
2022-03-07,1589.3244233181802,1591.3235735361905,1538.6460140989975,1563.385498046875,1508821,0.0,0,-3.1547909184633505,-3.1547909184633505,-3.1547909184633505,-3.1547909184633505,-3.1547909184633505,-3.1547909184633505
2022-03-08,1574.2308276005954,1606.717017900868,1552.7399632481074,1600.91943359375,1396347,0.0,0,2.400811290226617,2.400811290226617,2.400811290226617,2.400811290226617,2.400811290226617,2.400811290226617
2022-03-09,1608.9160669470964,1669.2404002179971,1607.3167711804567,1655.84619140625,1498176,0.0,0,3.4309507811520663,3.4309507811520663,3.4309507811520663,3.4309507811520663,3.4309507811520663,3.4309507811520663
2022-03-10,1681.285256790317,1748.856506678558,1677.536850302229,1742.109375,2294474,0.0,0,5.20961331079246,5.20961331079246,5.20961331079246,5.20961331079246,5.20961331079246,5.20961331079246
2022-03-11,1749.2564276978885,1756.25345340868,1720.468615966111,1733.3631591796875,1354129,0.0,0,-0.50204745728508,-0.50204745728508,-0.50204745728508,-0.50204745728508,-0.50204745728508,-0.50204745728508
2022-03-14,1731.2640711859565,1751.7053331497984,1721.7180801846837,1735.3623046875,659190,0.0,0,0.1153333331924854,0.1153333331924854,0.1153333331924854,0.1153333331924854,0.1153333331924854,0.1153333331924854
2022-03-15,1739.260574195381,1753.4544909935082,1685.9332700741695,1700.677001953125,1085901,0.0,0,-1.9987355171127248,-1.9987355171127248,-1.9987355171127248,-1.9987355171127248,-1.9987355171127248,-1.9987355171127248
2022-03-16,1723.267378146331,1763.250379959471,1717.9196760575112,1757.2529296875,1269866,0.0,0,3.32667094747568,3.32667094747568,3.32667094747568,3.32667094747568,3.3266709474756797,3.3266709474756793
2022-03-17,1774.8454996748503,1822.825103840073,1759.2521527248416,1818.8768310546875,2392329,0.0,0,3.506831619176549,3.506831619176549,3.506831619176549,3.506831619176549,3.506831619176549,3.506831619176549
2022-03-21,1835.269870583836,1841.1173603858565,1795.3868005719771,1802.183837890625,1081052,0.0,0,-0.9177638023121644,-0.9177638023121644,-0.9177638023121644,-0.9177638023121644,-0.9177638023121644,-0.9177638023121643
2022-03-22,1802.1837845195816,1836.219363721468,1789.239336451512,1830.771728515625,964066,0.0,0,1.586291588235573,1.586291588235573,1.586291588235573,1.586291588235573,1.586291588235573,1.586291588235573
2022-03-23,1847.264774248259,1847.264774248259,1800.0847572906448,1810.23046875,1553366,0.0,0,-1.1220000530748686,-1.1220000530748686,-1.1220000530748686,-1.1220000530748686,-1.1220000530748686,-1.1220000530748686
2022-03-24,1814.2287551505904,1838.768371968406,1799.3850897394102,1832.021240234375,1030145,0.0,0,1.2037567514495522,1.2037567514495522,1.2037567514495522,1.2037567514495522,1.2037567514495522,1.2037567514495522
2022-03-25,1834.7700777374523,1877.2019908641453,1821.2257866637235,1866.2066650390625,1366115,0.0,0,1.8659950034375188,1.8659950034375188,1.8659950034375188,1.8659950034375188,1.8659950034375188,1.8659950034375188
2022-03-28,1876.1024392443487,1923.5822542078165,1850.2634485573924,1908.888427734375,1895438,0.0,0,2.2870866070140794,2.2870866070140794,2.2870866070140794,2.2870866070140794,2.2870866070140794,2.2870866070140794
2022-03-29,1918.4344528741424,1930.0795268419745,1884.6987942655696,1916.435302734375,1715098,0.0,0,0.3953544319485057,0.3953544319485057,0.3953544319485057,0.3953544319485057,0.3953544319485057,0.3953544319485057
2022-03-30,1926.8808747520425,2014.1438299383888,1916.485391309052,1994.4022216796875,3215951,0.0,0,4.068330344054354,4.068330344054354,4.068330344054354,4.068330344054354,4.068330344054354,4.068330344054354
2022-03-31,2004.14806373067,2041.1323422134803,1990.1540124128496,2013.8939208984373,2786973,0.0,0,0.977320372333613,0.977320372333613,0.977320372333613,0.977320372333613,0.977320372333613,0.977320372333613
2022-04-01,2017.1424912617272,2048.1293184317537,2012.1946434726,2042.7816162109373,1267111,0.0,0,1.4344199072616812,1.4344199072616812,1.4344199072616812,1.4344199072616812,1.4344199072616812,1.4344199072616812
2022-04-04,2049.128806169713,2074.61796936841,2031.136455676516,2064.97216796875,1334265,0.0,0,1.0862909467030046,1.0862909467030046,1.0862909467030046,1.0862909467030046,1.0862909467030046,1.0862909467030046
2022-04-05,2077.117099187137,2188.869646401216,2066.7216155547603,2138.94091796875,4970260,0.0,0,3.582070070840752,3.582070070840752,3.582070070840752,3.582070070840752,3.582070070840752,3.5820700708407514
2022-04-06,2152.8349308437773,2181.92266466866,2123.2974370189013,2159.082275390625,2259018,0.0,0,0.9416509475634458,0.9416509475634458,0.9416509475634458,0.9416509475634458,0.9416509475634458,0.9416509475634458
2022-04-07,2165.029680996224,2214.008861845447,2080.3657171928007,2098.158203125,3499044,0.0,0,-2.821757788484578,-2.821757788484578,-2.821757788484578,-2.821757788484578,-2.821757788484578,-2.821757788484578
2022-04-08,2114.101407962541,2175.0754911236363,2104.3555504081046,2170.027587890625,1924054,0.0,0,3.425355850601858,3.425355850601858,3.425355850601858,3.425355850601858,3.425355850601858,3.425355850601858
2022-04-11,2180.92288272609,2199.0650719549694,2157.582708097637,2179.2734375,1615715,0.0,0,0.426070602096005,0.426070602096005,0.426070602096005,0.426070602096005,0.426070602096005,0.426070602096005
2022-04-12,2187.070209531214,2218.057036083073,2154.084232879235,2196.016357421875,2632324,0.0,0,0.7682799062187441,0.7682799062187441,0.7682799062187441,0.7682799062187441,0.7682799062187441,0.7682799062187441
2022-04-13,2209.060946856497,2216.207811128631,2172.526428543416,2198.515380859375,992512,0.0,0,0.113798033837683,0.113798033837683,0.113798033837683,0.113798033837683,0.113798033837683,0.11379803383768304
2022-04-18,2178.873797295057,2239.048168002754,2155.833543008902,2232.90087890625,1747434,0.0,0,1.5640326352155924,1.5640326352155924,1.5640326352155924,1.5640326352155924,1.5640326352155924,1.5640326352155924
2022-04-19,2244.046020782635,2254.0417714320006,2139.19069408554,2167.378662109375,1639219,0.0,0,-2.934398809004455,-2.934398809004455,-2.934398809004455,-2.934398809004455,-2.934398809004455,-2.934398809004455
2022-04-20,2177.0745496681616,2207.0117748564503,2160.9812930774387,2183.02197265625,1119025,0.0,0,0.7217617678145054,0.7217617678145054,0.7217617678145054,0.7217617678145054,0.7217617678145054,0.7217617678145054
2022-04-21,2215.0584551446946,2292.5755541309863,2202.9634986367737,2285.378662109375,2243636,0.0,0,4.688761301315707,4.688761301315707,4.688761301315707,4.688761301315707,4.688761301315707,4.688761301315707
2022-04-22,2296.023863985763,2305.020039334423,2264.037462746084,2272.333984375,1786042,0.0,0,-0.5707884627895725,-0.5707884627895725,-0.5707884627895725,-0.5707884627895725,-0.5707884627895725,-0.5707884627895725
2022-04-25,2258.9895534278767,2294.024707241268,2241.6470729782645,2283.229248046875,1683622,0.0,0,0.4794745731390236,0.4794745731390236,0.4794745731390236,0.4794745731390236,0.4794745731390236,0.47947457313902364
2022-04-26,2296.023947857687,2412.874176540088,2294.124852829458,2394.2822265625,3199358,0.0,0,4.8638558134546575,4.8638558134546575,4.8638558134546575,4.8638558134546575,4.8638558134546575,4.8638558134546575
2022-04-27,2403.9281496689728,2419.921351679668,2324.012167179159,2333.1083984375,2559876,0.0,0,-2.554996543278359,-2.554996543278359,-2.554996543278359,-2.554996543278359,-2.554996543278359,-2.554996543278359
2022-04-28,2358.847301834883,2388.884337144106,2335.3072603756927,2377.539306640625,1679893,0.0,0,1.904365362230092,1.904365362230092,1.904365362230092,1.904365362230092,1.904365362230092,1.9043653622300922
2022-04-29,2387.984811458947,2393.132525388362,2300.521993960974,2331.009033203125,1916180,0.0,0,-1.9570769369632648,-1.9570769369632648,-1.9570769369632648,-1.9570769369632648,-1.9570769369632648,-1.9570769369632652
2022-05-02,2324.012020964683,2361.296219613772,2310.017970085756,2338.505859375,1006544,0.0,0,0.3216129180577793,0.3216129180577793,0.3216129180577793,0.3216129180577793,0.3216129180577793,0.3216129180577793
2022-05-04,2357.6976097586426,2361.895776140133,2232.101102973164,2252.84228515625,1744686,0.0,0,-3.663175521896911,-3.663175521896911,-3.663175521896911,-3.663175521896911,-3.663175521896911,-3.663175521896911
2022-05-05,2269.035544902111,2302.821233100544,2235.049990485075,2254.441650390625,1636796,0.0,0,0.0709932179856999,0.0709932179856999,0.0709932179856999,0.0709932179856999,0.0709932179856999,0.07099321798569992
2022-05-06,2209.060941094406,2261.038845590745,2199.065190229726,2246.744873046875,1161579,0.0,0,-0.3414050366935151,-0.3414050366935151,-0.3414050366935151,-0.3414050366935151,-0.3414050366935151,-0.3414050366935151
2022-05-09,2228.552628184804,2243.246332969855,2179.0736620062225,2196.716064453125,1450886,0.0,0,-2.2267240572760048,-2.2267240572760048,-2.2267240572760048,-2.2267240572760048,-2.2267240572760048,-2.2267240572760048
2022-05-10,2189.069305152287,2219.056555907798,2096.608615322796,2108.603515625,1471866,0.0,0,-4.0111032214835065,-4.0111032214835065,-4.0111032214835065,-4.0111032214835065,-4.0111032214835065,-4.0111032214835065
2022-05-11,2108.703585059761,2156.833025234392,2076.1173414027726,2118.3994140625,1397917,0.0,0,0.464568059614396,0.464568059614396,0.464568059614396,0.464568059614396,0.464568059614396,0.464568059614396
2022-05-12,2102.106421834472,2112.7020154413544,2010.195540785605,2044.3309326171875,1553685,0.0,0,-3.496436080638343,-3.496436080638343,-3.496436080638343,-3.496436080638343,-3.496436080638343,-3.496436080638343
2022-05-13,2083.614301591267,2134.092844277935,2034.435255345496,2053.277099609375,1547617,0.0,0,0.4376085519938038,0.4376085519938038,0.4376085519938038,0.4376085519938038,0.4376085519938038,0.43760855199380383
2022-05-16,2081.7650056410007,2141.039858483174,2056.775627886028,2105.005126953125,1742552,0.0,0,2.519291105598508,2.519291105598508,2.519291105598508,2.519291105598508,2.519291105598508,2.519291105598508
2022-05-17,2132.143594811653,2191.3183885646745,2118.4992490491663,2183.921630859375,1061085,0.0,0,3.748993429791648,3.748993429791648,3.748993429791648,3.748993429791648,3.748993429791648,3.748993429791648
2022-05-18,2198.765290210145,2215.957933056676,2171.077108853962,2180.17333984375,1296983,0.0,0,-0.1716312051980567,-0.1716312051980567,-0.1716312051980567,-0.1716312051980567,-0.1716312051980567,-0.1716312051980567
2022-05-19,2144.0884633554133,2153.8343200070285,2096.708704017694,2113.851318359375,986930,0.0,0,-3.0420526786704127,-3.0420526786704127,-3.0420526786704127,-3.0420526786704127,-3.0420526786704127,-3.0420526786704127
2022-05-20,2158.0826132566413,2231.4513270420894,2150.086012559072,2218.60693359375,1444803,0.0,0,4.955675658195253,4.955675658195253,4.955675658195253,4.955675658195253,4.955675658195253,4.955675658195253
2022-05-23,2230.80167376337,2244.046043507905,2154.733912936612,2169.7275390625,1455450,0.0,0,-2.20315702575012,-2.20315702575012,-2.20315702575012,-2.20315702575012,-2.20315702575012,-2.20315702575012
2022-05-24,2160.081691272295,2177.9739871206502,2141.639580336971,2159.281982421875,1008943,0.0,0,-0.4814225036355641,-0.4814225036355641,-0.4814225036355641,-0.4814225036355641,-0.4814225036355641,-0.4814225036355641
2022-05-25,2167.078773565695,2180.523009585098,2065.321981608416,2073.2685546875,1382448,0.0,0,-3.983427289005643,-3.983427289005643,-3.983427289005643,-3.983427289005643,-3.983427289005643,-3.983427289005643
2022-05-26,2076.117491362052,2087.1128175079275,1905.390014762359,2045.530517578125,4967514,0.0,0,-1.3378892496421384,-1.3378892496421384,-1.3378892496421384,-1.3378892496421384,-1.3378892496421384,-1.3378892496421384
2022-05-27,2079.116274626204,2093.4102478216387,2046.8299490541965,2079.26611328125,1354005,0.0,0,1.6492345341817436,1.6492345341817436,1.6492345341817436,1.6492345341817436,1.6492345341817436,1.6492345341817436
2022-05-30,2119.0992302352224,2174.075861208306,2101.106878280395,2164.729736328125,1384584,0.0,0,4.110278261208542,4.110278261208542,4.110278261208542,4.110278261208542,4.110278261208542,4.110278261208542
2022-05-31,2159.082065962064,2224.854151778838,2149.4860480541497,2166.62890625,2861556,0.0,0,0.0877324263626749,0.0877324263626749,0.0877324263626749,0.0877324263626749,0.0877324263626749,0.08773242636267496
2022-06-01,2169.0277930207303,2188.3696675148426,2125.0965191486216,2149.98583984375,1448212,0.0,0,-0.7681549137575114,-0.7681549137575114,-0.7681549137575114,-0.7681549137575114,-0.7681549137575114,-0.7681549137575114
2022-06-02,2154.0843925026484,2217.0576253229115,2141.3898372335616,2208.461181640625,1855167,0.0,0,2.719801252324745,2.719801252324745,2.719801252324745,2.719801252324745,2.719801252324745,2.719801252324745
2022-06-03,2234.050212703339,2241.297131737835,2175.125312947465,2189.0693359375,1651685,0.0,0,-0.8780704802209454,-0.8780704802209454,-0.8780704802209454,-0.8780704802209454,-0.8780704802209454,-0.8780704802209454
2022-06-06,2187.569975657807,2229.052339829522,2167.278553532701,2224.1044921875,1664487,0.0,0,1.6004589564540082,1.6004589564540082,1.6004589564540082,1.6004589564540082,1.6004589564540082,1.6004589564540082
2022-06-07,2209.060924184394,2253.741881400113,2206.112226509262,2226.603515625,2046676,0.0,0,0.1123608826059294,0.1123608826059294,0.1123608826059294,0.1123608826059294,0.1123608826059294,0.11236088260592944
2022-06-08,2243.9961167202378,2243.9961167202378,2157.6329239714746,2176.27490234375,1530739,0.0,0,-2.2603311693381087,-2.2603311693381087,-2.2603311693381087,-2.2603311693381087,-2.2603311693381087,-2.2603311693381087
2022-06-09,2159.382202525546,2223.055089510347,2154.0844055282364,2218.257080078125,1440385,0.0,0,1.929084312333984,1.929084312333984,1.929084312333984,1.929084312333984,1.9290843123339836,1.9290843123339834
2022-06-10,2189.069530706132,2214.05890891054,2170.0776032707818,2202.1640625,1305761,0.0,0,-0.7254802756026014,-0.7254802756026014,-0.7254802756026014,-0.7254802756026014,-0.7254802756026014,-0.7254802756026014
2022-06-13,2171.5767968562177,2171.5767968562177,2065.8717352831245,2078.8662109375,1764172,0.0,0,-5.598940317940095,-5.598940317940095,-5.598940317940095,-5.598940317940095,-5.598940317940095,-5.5989403179400945
2022-06-14,2273.033696620045,2273.033696620045,2052.227662491892,2195.5166015625,6515102,0.0,0,5.611250498529895,5.611250498529895,5.611250498529895,5.611250498529895,5.611250498529895,5.611250498529895
2022-06-15,2217.4573183659377,2218.7568148116025,2173.2761474715726,2183.671875,1313510,0.0,0,-0.5394961055666978,-0.5394961055666978,-0.5394961055666978,-0.5394961055666978,-0.5394961055666978,-0.5394961055666978
2022-06-16,2204.0631557689853,2216.357978642559,2075.1679919067906,2082.114990234375,2131789,0.0,0,-4.650739240098744,-4.650739240098744,-4.650739240098744,-4.650739240098744,-4.650739240098744,-4.650739240098744
2022-06-17,2061.123738568941,2136.491599192841,2059.2744271247275,2094.909423828125,2280135,0.0,0,0.6144921704016829,0.6144921704016829,0.6144921704016829,0.6144921704016829,0.6144921704016829,0.6144921704016829
2022-06-20,2106.4045954795115,2122.397796612124,2024.13951834626,2078.96630859375,2603594,0.0,0,-0.7610407902620155,-0.7610407902620155,-0.7610407902620155,-0.7610407902620155,-0.7610407902620155,-0.7610407902620155
2022-06-21,2099.1075620236093,2176.0748392978085,2090.7610129122427,2160.88134765625,1331500,0.0,0,3.940181171955057,3.940181171955057,3.940181171955057,3.940181171955057,3.940181171955057,3.940181171955057
2022-06-22,2149.03644335148,2149.03644335148,2076.217543538225,2088.312255859375,1774137,0.0,0,-3.358309880160028,-3.358309880160028,-3.358309880160028,-3.358309880160028,-3.358309880160028,-3.3583098801600277
2022-06-23,2104.1055448442003,2127.09577169998,2079.116167827048,2109.453369140625,1026783,0.0,0,1.0123540300035294,1.0123540300035294,1.0123540300035294,1.0123540300035294,1.0123540300035294,1.0123540300035294
2022-06-24,2120.098731218724,2167.0787596804307,2107.704097920176,2160.531494140625,1156536,0.0,0,2.4213915200604235,2.4213915200604235,2.4213915200604235,2.4213915200604235,2.4213915200604235,2.4213915200604235
2022-06-27,2188.069853692448,2210.060505488352,2168.428300953133,2180.673095703125,1202504,0.0,0,0.9322521618927634,0.9322521618927634,0.9322521618927634,0.9322521618927634,0.9322521618927634,0.9322521618927634
2022-06-28,2169.0779345212345,2209.310831693806,2159.0821836709065,2203.663330078125,1282047,0.0,0,1.0542723904972628,1.0542723904972628,1.0542723904972628,1.0542723904972628,1.0542723904972628,1.0542723904972628
2022-06-29,2184.071555270616,2246.844919259226,2176.274820819709,2219.15673828125,1692493,0.0,0,0.7030751018839035,0.7030751018839035,0.7030751018839035,0.7030751018839035,0.7030751018839035,0.7030751018839035
2022-06-30,2219.056727233989,2247.544617651182,2179.573510690861,2189.968994140625,1568415,0.0,0,-1.315262849041978,-1.315262849041978,-1.315262849041978,-1.315262849041978,-1.315262849041978,-1.315262849041978
2022-07-01,2188.969389771951,2241.047349523263,2137.341434040195,2231.25146484375,2141743,0.0,0,1.88507101304075,1.88507101304075,1.88507101304075,1.88507101304075,1.88507101304075,1.88507101304075
2022-07-04,2231.251369471658,2276.032380351832,2227.4031519656533,2260.888916015625,1581159,0.0,0,1.3282882561132772,1.3282882561132772,1.3282882561132772,1.3282882561132772,1.3282882561132772,1.3282882561132772
2022-07-05,2263.037952568174,2289.726558060078,2237.0490008160664,2245.495361328125,1356776,0.0,0,-0.6808629375134508,-0.6808629375134508,-0.6808629375134508,-0.6808629375134508,-0.6808629375134508,-0.6808629375134508
2022-07-06,2244.046014251535,2276.032416236412,2235.549626224302,2271.88427734375,1045463,0.0,0,1.1751935216653917,1.1751935216653917,1.1751935216653917,1.1751935216653917,1.1751935216653917,1.1751935216653915
2022-07-07,2279.0312696009987,2293.9748688113987,2255.041466763093,2273.333740234375,946131,0.0,0,0.0638000317656887,0.0638000317656887,0.0638000317656887,0.0638000317656887,0.0638000317656887,0.06380003176568871
2022-07-08,2285.028630479775,2302.6212494840497,2262.937923620226,2292.07568359375,898576,0.0,0,0.8244255134067008,0.8244255134067008,0.8244255134067008,0.8244255134067008,0.8244255134067008,0.8244255134067008
2022-07-11,2292.075585968186,2383.586729355736,2290.0764358954348,2372.241455078125,1967308,0.0,0,3.4975185181792483,3.4975185181792483,3.4975185181792483,3.4975185181792483,3.4975185181792483,3.4975185181792483
2022-07-12,2363.395306495709,2388.784660862528,2349.151361093673,2364.644775390625,1273008,0.0,0,-0.3202321446342745,-0.3202321446342745,-0.3202321446342745,-0.3202321446342745,-0.3202321446342745,-0.3202321446342745
2022-07-13,2372.491502018271,2383.636666778701,2332.708364194534,2352.5,982185,0.0,0,-0.5135983009802711,-0.5135983009802711,-0.5135983009802711,-0.5135983009802711,-0.5135983009802711,-0.5135983009802711
2022-07-14,2365.0,2404.0,2336.5,2383.10009765625,933554,1.0,0,1.3007480406482466,1.3007480406482466,1.3007480406482466,1.3007480406482466,1.3007480406482466,1.3007480406482466
2022-07-15,2414.5,2422.949951171875,2377.0,2405.25,1169788,0.0,0,0.9294574896595472,0.9294574896595472,0.9294574896595472,0.9294574896595472,0.9294574896595472,0.9294574896595472
2022-07-18,2424.0,2441.85009765625,2406.050048828125,2423.60009765625,937204,0.0,0,0.7629185180854381,0.7629185180854381,0.7629185180854381,0.7629185180854381,0.7629185180854381,0.7629185180854381
2022-07-19,2406.949951171875,2459.300048828125,2405.0,2451.300048828125,843301,0.0,0,1.1429258151401431,1.1429258151401431,1.1429258151401431,1.1429258151401431,1.1429258151401431,1.1429258151401431
2022-07-20,2462.0,2472.800048828125,2444.0,2451.10009765625,693601,0.0,0,-0.0081569439845028,-0.0081569439845028,-0.0081569439845028,-0.0081569439845028,-0.0081569439845028,-0.008156943984502802
2022-07-21,2453.800048828125,2498.949951171875,2451.25,2495.5,1314165,0.0,0,1.8114275457866995,1.8114275457866995,1.8114275457866995,1.8114275457866995,1.8114275457866995,1.8114275457866993
2022-07-22,2505.5,2514.050048828125,2483.10009765625,2499.39990234375,833522,0.0,0,0.1562773930575035,0.1562773930575035,0.1562773930575035,0.1562773930575035,0.1562773930575035,0.15627739305750352
2022-07-25,2505.0,2562.14990234375,2500.0,2550.60009765625,1220351,0.0,0,2.0484995324072908,2.0484995324072908,2.0484995324072908,2.0484995324072908,2.0484995324072908,2.0484995324072908
2022-07-26,2555.0,2568.60009765625,2533.0,2559.699951171875,865142,0.0,0,0.356773040351832,0.356773040351832,0.356773040351832,0.356773040351832,0.356773040351832,0.35677304035183205
2022-07-27,2560.0,2572.5,2528.0,2548.699951171875,953588,0.0,0,-0.4297378681030177,-0.4297378681030177,-0.4297378681030177,-0.4297378681030177,-0.4297378681030177,-0.4297378681030177
2022-07-28,2559.89990234375,2565.64990234375,2531.60009765625,2550.39990234375,759442,0.0,0,0.06669875640298,0.06669875640298,0.06669875640298,0.06669875640298,0.06669875640298,0.06669875640298004
2022-07-29,2565.0,2622.0,2560.0,2569.199951171875,1107195,0.0,0,0.7371412150246811,0.7371412150246811,0.7371412150246811,0.7371412150246811,0.7371412150246811,0.7371412150246811
2022-08-01,2575.85009765625,2669.39990234375,2569.199951171875,2660.14990234375,1267039,0.0,0,3.5400106219989027,3.5400106219989027,3.5400106219989027,3.5400106219989027,3.5400106219989027,3.5400106219989027
2022-08-02,2660.0,2697.0,2640.0,2683.64990234375,1096480,0.0,0,0.8834088627597679,0.8834088627597679,0.8834088627597679,0.8834088627597679,0.8834088627597679,0.8834088627597679
2022-08-03,2685.0,2717.0,2671.199951171875,2711.39990234375,815831,0.0,0,1.0340394988096138,1.0340394988096138,1.0340394988096138,1.0340394988096138,1.0340394988096138,1.0340394988096138
2022-08-04,2725.0,2743.89990234375,2684.25,2723.60009765625,1223799,0.0,0,0.4499592738774564,0.4499592738774564,0.4499592738774564,0.4499592738774564,0.4499592738774564,0.44995927387745643
2022-08-05,2760.0,2767.64990234375,2685.0,2698.39990234375,1639981,0.0,0,-0.925253135883848,-0.925253135883848,-0.925253135883848,-0.925253135883848,-0.925253135883848,-0.925253135883848
2022-08-08,2700.0,2807.64990234375,2695.64990234375,2791.89990234375,1581696,0.0,0,3.4650164313595133,3.4650164313595133,3.4650164313595133,3.4650164313595133,3.4650164313595133,3.4650164313595133
2022-08-10,2801.75,2834.89990234375,2781.550048828125,2827.199951171875,1304663,0.0,0,1.26437372623894,1.26437372623894,1.26437372623894,1.26437372623894,1.26437372623894,1.26437372623894
2022-08-11,2841.0,2848.39990234375,2815.10009765625,2834.050048828125,978616,0.0,0,0.2422926490717656,0.2422926490717656,0.2422926490717656,0.2422926490717656,0.2422926490717656,0.24229264907176562
2022-08-12,2840.0,2871.14990234375,2834.050048828125,2864.550048828125,843025,0.0,0,1.0761983548106957,1.0761983548106957,1.0761983548106957,1.0761983548106957,1.0761983548106957,1.0761983548106957
2022-08-16,2879.0,2986.0,2871.0,2975.85009765625,1969492,0.0,0,3.885428668759248,3.885428668759248,3.885428668759248,3.885428668759248,3.885428668759248,3.8854286687592476
2022-08-17,2986.0,3028.550048828125,2980.0,3008.64990234375,1510171,0.0,0,1.1021994929560732,1.1021994929560732,1.1021994929560732,1.1021994929560732,1.1021994929560732,1.1021994929560732
2022-08-18,3005.0,3186.0,3004.0,3153.64990234375,3502295,0.0,0,4.819437445581303,4.819437445581303,4.819437445581303,4.819437445581303,4.819437445581303,4.819437445581303
2022-08-19,3178.0,3258.89990234375,3075.25,3130.199951171875,6109949,0.0,0,-0.7435813073114842,-0.7435813073114842,-0.7435813073114842,-0.7435813073114842,-0.7435813073114842,-0.7435813073114842
2022-08-22,3134.0,3191.800048828125,3029.199951171875,3051.60009765625,3473580,0.0,0,-2.511017019414336,-2.511017019414336,-2.511017019414336,-2.511017019414336,-2.5110170194143357,-2.5110170194143353
2022-08-23,3032.64990234375,3074.0,2927.39990234375,3030.64990234375,4169136,0.0,0,-0.6865314799468837,-0.6865314799468837,-0.6865314799468837,-0.6865314799468837,-0.6865314799468837,-0.6865314799468837
2022-08-24,3038.0,3153.0,2986.0,3134.64990234375,3475387,0.0,0,3.4316071915654693,3.4316071915654693,3.4316071915654693,3.4316071915654693,3.4316071915654693,3.4316071915654693
2022-08-25,3167.0,3177.800048828125,3055.699951171875,3066.35009765625,3119494,0.0,0,-2.1788654814827275,-2.1788654814827275,-2.1788654814827275,-2.1788654814827275,-2.1788654814827275,-2.1788654814827275
2022-08-26,3080.0,3172.949951171875,3078.0,3139.550048828125,2897602,0.0,0,2.387201357986651,2.387201357986651,2.387201357986651,2.387201357986651,2.387201357986651,2.387201357986651
2022-08-29,3055.0,3166.449951171875,3037.85009765625,3142.60009765625,1924984,0.0,0,0.0971492341478508,0.0971492341478508,0.0971492341478508,0.0971492341478508,0.0971492341478508,0.09714923414785083
2022-08-30,3165.0,3263.10009765625,3161.0,3194.35009765625,4392183,0.0,0,1.6467255900168505,1.6467255900168505,1.6467255900168505,1.6467255900168505,1.6467255900168505,1.6467255900168505
2022-09-01,3200.0,3245.0,3184.39990234375,3233.25,1880363,0.0,0,1.2177720398365706,1.2177720398365706,1.2177720398365706,1.2177720398365706,1.2177720398365706,1.2177720398365706
2022-09-02,3261.0,3369.39990234375,3225.0,3355.800048828125,4835905,0.0,0,3.790305383998299,3.790305383998299,3.790305383998299,3.790305383998299,3.790305383998299,3.790305383998299
2022-09-05,3374.10009765625,3431.800048828125,3313.0,3346.550048828125,3686950,0.0,0,-0.275642167751627,-0.275642167751627,-0.275642167751627,-0.275642167751627,-0.275642167751627,-0.275642167751627
2022-09-06,3370.0,3447.60009765625,3355.0,3435.800048828125,2580772,0.0,0,2.666925600926035,2.666925600926035,2.666925600926035,2.666925600926035,2.666925600926035,2.666925600926035
2022-09-07,3435.800048828125,3487.949951171875,3406.10009765625,3473.75,2188110,0.0,0,1.1045448114717529,1.1045448114717529,1.1045448114717529,1.1045448114717529,1.1045448114717529,1.1045448114717527
2022-09-08,3499.0,3501.5,3450.0,3462.800048828125,1560414,0.0,0,-0.315219896995322,-0.315219896995322,-0.315219896995322,-0.315219896995322,-0.315219896995322,-0.31521989699532205
2022-09-09,3479.0,3507.949951171875,3415.14990234375,3451.199951171875,1614634,0.0,0,-0.3349918416506805,-0.3349918416506805,-0.3349918416506805,-0.3349918416506805,-0.3349918416506805,-0.3349918416506805
2022-09-12,3465.0,3495.5,3457.89990234375,3463.800048828125,1647756,0.0,0,0.3650932381350887,0.3650932381350887,0.3650932381350887,0.3650932381350887,0.3650932381350887,0.36509323813508876
2022-09-13,3478.0,3568.89990234375,3421.300048828125,3555.800048828125,3479669,0.0,0,2.656042459238532,2.656042459238532,2.656042459238532,2.656042459238532,2.656042459238532,2.656042459238532
2022-09-14,3518.0,3608.0,3511.0,3572.10009765625,2740337,0.0,0,0.4584073514903337,0.4584073514903337,0.4584073514903337,0.4584073514903337,0.4584073514903337,0.4584073514903337
2022-09-15,3590.0,3767.949951171875,3575.0,3748.699951171875,4716688,0.0,0,4.943866316386175,4.943866316386175,4.943866316386175,4.943866316386175,4.943866316386175,4.943866316386175
2022-09-16,3755.0,3866.949951171875,3614.60009765625,3702.199951171875,5687429,0.0,0,-1.2404300318958232,-1.2404300318958232,-1.2404300318958232,-1.2404300318958232,-1.2404300318958232,-1.2404300318958232
2022-09-19,3718.949951171875,3801.949951171875,3680.75,3778.64990234375,3092486,0.0,0,2.0649870936245875,2.0649870936245875,2.0649870936245875,2.0649870936245875,2.0649870936245875,2.0649870936245875
2022-09-20,3819.0,3885.0,3812.0,3834.550048828125,3338704,0.0,0,1.479368238102776,1.479368238102776,1.479368238102776,1.479368238102776,1.479368238102776,1.479368238102776
2022-09-21,3837.64990234375,3862.800048828125,3571.25,3640.10009765625,6089846,0.0,0,-5.070997866654544,-5.070997866654544,-5.070997866654544,-5.070997866654544,-5.070997866654544,-5.070997866654544
2022-09-22,3639.0,3735.949951171875,3608.050048828125,3716.300048828125,3490772,0.0,0,2.093347686261096,2.093347686261096,2.093347686261096,2.093347686261096,2.093347686261096,2.093347686261096
2022-09-23,3732.0,3737.89990234375,3655.0,3674.300048828125,3001474,0.0,0,-1.1301563234444436,-1.1301563234444436,-1.1301563234444436,-1.1301563234444436,-1.1301563234444436,-1.1301563234444436
2022-09-26,3646.300048828125,3658.0,3532.0,3586.199951171875,3123908,0.0,0,-2.397738249067288,-2.397738249067288,-2.397738249067288,-2.397738249067288,-2.397738249067288,-2.397738249067288
2022-09-27,3596.0,3629.550048828125,3485.85009765625,3559.10009765625,3546332,0.0,0,-0.7556704557638926,-0.7556704557638926,-0.7556704557638926,-0.7556704557638926,-0.7556704557638926,-0.7556704557638926
2022-09-28,3528.0,3596.949951171875,3503.0,3548.75,2259832,0.0,0,-0.2908065907746112,-0.2908065907746112,-0.2908065907746112,-0.2908065907746112,-0.2908065907746112,-0.29080659077461124
2022-09-29,3583.5,3664.75,3443.60009765625,3470.699951171875,15060223,0.0,0,-2.1993673498591053,-2.1993673498591053,-2.1993673498591053,-2.1993673498591053,-2.1993673498591053,-2.1993673498591053
2022-09-30,3447.949951171875,3523.800048828125,3371.10009765625,3455.75,4307707,0.0,0,-0.430747439484856,-0.430747439484856,-0.430747439484856,-0.430747439484856,-0.430747439484856,-0.43074743948485605
2022-10-03,3440.0,3460.050048828125,3110.199951171875,3157.300048828125,7578847,0.0,0,-8.636329340139623,-8.636329340139623,-8.636329340139623,-8.636329340139623,-8.636329340139623,-8.636329340139623
2022-10-04,3230.0,3291.199951171875,3125.0,3237.699951171875,5642467,0.0,0,2.5464764545767995,2.5464764545767995,2.5464764545767995,2.5464764545767995,2.5464764545767995,2.5464764545767995
2022-10-06,3270.0,3318.800048828125,3208.050048828125,3285.0,2845165,0.0,0,1.4609151416580437,1.4609151416580437,1.4609151416580437,1.4609151416580437,1.4609151416580437,1.4609151416580435
2022-10-07,3280.0,3310.949951171875,3228.14990234375,3277.60009765625,1930275,0.0,0,-0.2252633894596651,-0.2252633894596651,-0.2252633894596651,-0.2252633894596651,-0.2252633894596651,-0.22526338945966515
2022-10-10,3234.0,3278.75,3214.35009765625,3246.25,1590792,0.0,0,-0.9564955065344264,-0.9564955065344264,-0.9564955065344264,-0.9564955065344264,-0.9564955065344264,-0.9564955065344263
2022-10-11,3257.550048828125,3338.0,3249.0,3273.949951171875,2544394,0.0,0,0.853290756160955,0.853290756160955,0.853290756160955,0.853290756160955,0.853290756160955,0.853290756160955
2022-10-12,3297.0,3297.0,3145.0,3223.64990234375,2972601,0.0,0,-1.5363719537044431,-1.5363719537044431,-1.5363719537044431,-1.5363719537044431,-1.5363719537044431,-1.5363719537044431
2022-10-13,3218.0,3262.800048828125,3189.0,3233.64990234375,1840193,0.0,0,0.3102073830265971,0.3102073830265971,0.3102073830265971,0.3102073830265971,0.3102073830265971,0.3102073830265971
2022-10-14,3272.0,3305.0,3194.85009765625,3209.5,1344415,0.0,0,-0.7468310755053027,-0.7468310755053027,-0.7468310755053027,-0.7468310755053027,-0.7468310755053027,-0.7468310755053027
2022-10-17,3211.0,3235.0,3136.10009765625,3212.60009765625,1985298,0.0,0,0.0965912963467829,0.0965912963467829,0.0965912963467829,0.0965912963467829,0.0965912963467829,0.09659129634678298
2022-10-18,3249.0,3298.0,3226.10009765625,3284.300048828125,1635079,0.0,0,2.231835553518897,2.231835553518897,2.231835553518897,2.231835553518897,2.231835553518897,2.231835553518897
